file_type,path_depth,size,namefile_lenght,occurences
4,7,9554,11,75,clean
4,2,5087,15,190,clean
5,3,837,3,189,clean
3,5,2571,1,186,clean
2,4,57,8,129,clean
3,6,3131,13,45,suspect
3,7,2575,11,18,suspect
4,5,6367,17,66,clean
3,2,2481,2,13,clean
3,9,7103,16,148,clean
5,8,1841,6,104,clean
5,5,3408,18,137,clean
3,8,1444,20,117,clean
5,7,3998,6,41,clean
2,1,4087,7,128,clean
3,4,9149,19,174,clean
3,8,8961,8,38,clean
5,10,609,17,81,clean
5,3,5715,10,82,clean
1,9,9167,5,10,clean
4,4,2657,3,172,suspect
3,5,4035,15,134,clean
4,4,7955,1,146,clean
2,3,1744,6,143,clean
6,2,1182,2,105,clean
2,3,4344,9,190,clean
5,5,8786,14,140,clean
6,3,485,15,12,clean
3,4,7779,10,114,suspect
5,8,184,6,170,clean
1,3,2496,18,30,clean
1,7,9427,19,124,clean
5,5,9212,16,55,clean
6,9,3813,19,77,clean
6,3,7132,7,116,clean
5,6,6394,2,87,clean
3,6,6112,14,86,suspect
5,9,5014,4,172,clean
6,4,9924,19,95,clean
3,6,8392,11,188,clean
6,3,9645,11,4,clean
6,3,5764,15,195,clean
2,9,1090,5,6,clean
6,4,219,19,193,clean
6,2,1201,3,119,clean
4,7,6806,9,156,suspect
6,4,1525,4,54,clean
3,5,2591,20,83,clean
1,10,4180,4,130,clean
4,10,5782,2,153,clean
6,5,655,15,156,clean
1,1,7163,20,10,clean
2,1,2586,6,116,clean
2,2,3346,9,142,clean
5,1,6505,13,94,clean
4,6,4931,11,92,suspect
6,4,4167,2,129,clean
1,8,6097,15,47,clean
5,5,1091,5,171,clean
3,4,2074,15,171,clean
6,6,4857,18,182,clean
1,9,6867,2,81,clean
1,5,7543,17,85,clean
6,5,7019,8,56,clean
4,10,2793,10,122,suspect
4,6,3493,18,75,clean
4,2,9850,16,104,clean
2,10,8233,11,121,clean
5,7,1850,7,89,clean
2,5,2379,17,52,clean
5,6,6812,20,134,clean
1,5,3752,19,195,clean
2,3,7718,7,150,clean
5,9,6302,8,113,clean
6,6,9013,11,200,clean
5,1,8409,6,43,clean
4,10,6944,15,33,clean
6,2,2682,4,76,clean
3,1,7029,3,106,clean
5,2,108,3,87,clean
6,8,2147,18,59,clean
4,2,4400,7,89,clean
2,10,2609,20,161,clean
4,3,3822,15,80,clean
6,8,7494,15,129,clean
3,6,7858,18,127,clean
3,5,9476,4,103,clean
5,6,9396,4,69,clean
2,1,2619,5,0,clean
2,10,9651,19,124,clean
5,7,1271,14,74,clean
1,7,4034,11,35,clean
6,10,2082,20,11,clean
4,4,4835,9,162,suspect
5,3,74,17,124,clean
4,4,9280,18,181,clean
2,6,8768,8,47,clean
1,7,3254,4,62,clean
6,6,3581,13,33,clean
4,1,5572,7,112,clean
3,6,6009,2,136,clean
3,6,3324,8,67,suspect
1,9,8631,19,170,clean
4,10,3415,5,191,suspect
4,10,6430,18,39,clean
4,5,7818,10,72,suspect
6,6,9105,12,91,clean
5,9,2143,9,169,clean
2,9,6631,9,113,suspect
3,4,9121,9,103,clean
3,8,8474,14,116,clean
5,10,6578,2,179,clean
1,10,4773,19,86,clean
1,5,3309,3,147,clean
3,3,2071,3,172,clean
6,7,6625,7,158,clean
2,5,9040,3,7,clean
5,7,9903,20,110,clean
2,8,4714,6,122,suspect
1,1,8178,16,79,clean
6,5,3769,6,145,clean
1,3,2077,12,118,clean
3,7,6871,20,105,clean
3,1,1487,16,42,clean
6,10,255,11,91,clean
4,10,2552,13,164,suspect
4,5,9811,7,189,clean
6,9,4814,7,0,clean
5,10,8206,6,27,clean
3,8,2892,13,129,suspect
2,2,793,10,32,clean
1,3,401,8,86,clean
6,1,6776,3,175,clean
2,6,8871,2,174,clean
2,9,3818,6,104,suspect
4,2,39,4,109,clean
1,5,7506,17,134,clean
6,3,7495,9,173,clean
5,6,6620,12,142,clean
4,8,6119,4,57,suspect
3,6,9999,5,89,clean
5,8,1038,10,154,clean
2,10,3217,14,81,suspect
5,2,5474,6,144,clean
3,1,1259,10,179,clean
1,1,7138,4,26,clean
5,6,5409,19,190,clean
2,8,9065,19,49,clean
2,4,8241,17,194,clean
3,8,2151,8,137,suspect
4,4,4410,15,102,clean
1,10,4310,2,112,clean
1,8,3242,19,47,clean
4,7,4365,19,92,clean
5,7,5891,15,173,clean
2,3,7793,15,169,clean
2,9,2966,18,177,clean
1,10,6672,4,154,clean
1,4,9729,5,90,clean
1,9,1800,7,47,clean
2,10,7492,14,54,suspect
6,3,7955,13,164,clean
6,6,3669,15,174,clean
6,6,9882,9,24,clean
6,4,5631,19,132,clean
5,8,7016,1,25,clean
6,7,6371,19,154,clean
5,3,2052,14,125,clean
3,1,467,2,49,clean
1,2,7919,15,131,clean
5,5,182,9,67,clean
3,2,2739,18,164,clean
6,1,2782,3,119,clean
5,1,395,16,112,clean
1,9,5019,11,79,clean
3,1,1627,9,122,clean
5,10,768,6,182,clean
2,6,5116,18,187,clean
4,5,2818,11,57,suspect
1,1,6936,8,9,clean
2,5,7062,2,96,clean
6,2,458,18,122,clean
5,1,5016,3,81,clean
4,5,5491,13,21,suspect
5,3,2520,17,39,clean
1,4,1334,10,133,clean
6,4,33,16,40,clean
2,2,5666,10,83,clean
2,5,7354,18,34,clean
3,10,9695,14,67,clean
1,4,4498,1,157,clean
2,10,7078,19,193,clean
2,8,2941,11,69,suspect
3,7,9291,8,156,clean
6,1,6654,4,14,clean
1,9,1366,15,148,clean
3,6,2050,7,72,suspect
5,7,7104,18,152,clean
5,1,2778,12,90,clean
2,6,8429,9,115,clean
4,2,8006,17,186,clean
5,8,5320,12,191,clean
5,7,4130,8,197,clean
6,10,6554,10,60,clean
5,7,7503,11,150,clean
2,7,8011,19,111,clean
1,3,8543,18,136,clean
6,1,1452,16,33,clean
3,10,7628,14,16,suspect
4,1,3319,19,142,clean
1,2,252,5,125,clean
5,7,3785,2,76,clean
1,5,5862,9,134,clean
4,4,6482,4,82,suspect
1,2,2573,1,141,clean
2,10,1650,3,42,suspect
3,9,3262,20,99,clean
6,10,2664,16,20,clean
3,1,4928,12,191,clean
4,9,8035,2,129,clean
3,10,6012,10,125,suspect
2,6,3322,17,100,clean
6,9,3702,19,114,clean
3,2,5979,12,175,clean
1,5,7575,20,72,clean
6,6,8196,3,35,clean
2,10,306,2,131,clean
2,9,8429,3,181,clean
3,2,2509,7,192,clean
6,2,2729,5,117,clean
3,5,6090,18,21,clean
2,4,8095,6,113,clean
3,5,8779,15,45,clean
3,2,6706,10,9,clean
4,3,8415,19,58,clean
4,3,1759,10,153,clean
2,4,8130,11,125,clean
3,6,1380,16,45,clean
6,2,9964,6,191,clean
5,5,4492,3,16,clean
2,10,9322,4,84,clean
2,4,270,19,98,clean
4,1,7133,6,45,clean
4,6,672,9,132,clean
4,1,8033,3,137,clean
4,7,1750,17,189,clean
5,10,2492,8,53,clean
1,10,4949,3,49,clean
2,2,7035,16,98,clean
6,5,9756,20,197,clean
3,3,6730,10,135,clean
6,5,5334,1,78,clean
1,10,3649,5,122,clean
1,3,7322,14,111,clean
3,4,7949,16,18,clean
4,5,7442,20,77,clean
4,10,8292,13,177,clean
1,6,2872,6,6,clean
4,1,4568,17,11,clean
4,4,2063,4,108,suspect
1,9,4795,4,70,clean
2,8,4905,8,182,suspect
2,2,8783,19,35,clean
3,4,2272,18,23,clean
1,4,8027,18,120,clean
1,10,2754,7,60,clean
2,2,6276,7,167,clean
1,10,2140,5,149,clean
1,3,524,5,86,clean
4,6,3090,18,71,clean
5,9,9027,17,8,clean
4,7,4144,16,164,clean
1,5,974,2,151,clean
2,7,7904,16,26,clean
5,10,1188,6,191,clean
1,8,117,10,99,clean
5,7,6739,14,93,clean
1,1,9934,16,82,clean
5,9,4899,7,144,clean
6,5,1011,2,30,clean
1,2,7522,6,174,clean
5,3,2821,2,154,clean
3,4,9668,4,151,clean
3,10,4783,10,87,suspect
5,5,2604,20,106,clean
1,4,8227,10,60,clean
1,8,4695,1,4,clean
4,10,6287,13,42,suspect
2,2,1369,18,100,clean
5,7,6890,10,181,clean
5,7,7244,12,164,clean
2,6,7239,3,110,suspect
6,9,9670,20,77,clean
1,10,3405,4,82,clean
2,2,7962,3,45,clean
3,2,4665,20,130,clean
4,8,7417,11,103,suspect
2,6,5411,11,78,suspect
2,5,311,5,52,clean
1,6,8974,16,87,clean
3,7,1851,20,41,clean
3,9,3970,5,123,suspect
6,8,5881,17,185,clean
4,8,3079,6,162,suspect
4,3,1325,15,53,clean
2,1,2469,16,10,clean
4,10,1980,15,58,clean
4,2,2125,4,52,clean
5,9,4891,15,0,clean
6,1,7265,15,182,clean
5,7,4044,6,37,clean
1,10,602,6,106,clean
1,5,9393,13,175,clean
6,8,4539,9,95,clean
4,10,186,14,5,clean
2,3,5340,12,149,clean
2,10,2596,9,113,suspect
5,6,5770,4,134,clean
2,8,3576,5,170,suspect
3,2,9396,6,114,clean
1,4,3883,5,142,clean
5,1,9959,2,53,clean
6,4,7464,18,118,clean
3,4,3404,14,137,suspect
6,6,3215,2,157,clean
5,4,827,10,3,clean
5,7,9329,16,17,clean
4,2,5536,5,87,clean
3,9,1256,2,18,clean
4,7,6725,11,147,suspect
3,1,12,7,180,clean
2,3,852,11,176,clean
2,7,4651,16,115,clean
3,8,3674,4,114,suspect
4,6,6889,13,33,suspect
3,2,7995,6,120,clean
4,6,5052,4,107,suspect
2,10,6841,13,165,suspect
5,5,6402,13,108,clean
4,2,1276,10,97,clean
1,8,1619,19,163,clean
1,3,5790,7,117,clean
3,1,9163,16,14,clean
6,6,6624,17,123,clean
6,2,880,7,143,clean
2,6,931,2,150,clean
6,8,7711,2,33,clean
1,8,6020,20,127,clean
5,6,6774,12,158,clean
6,5,8672,11,84,clean
4,7,7972,6,120,suspect
1,7,531,10,130,clean
5,4,801,13,106,clean
5,3,7969,8,181,clean
5,8,4414,14,2,clean
1,7,2933,11,159,clean
3,4,5772,16,157,clean
4,1,9773,19,152,clean
3,5,7210,7,135,suspect
6,6,1195,5,56,clean
2,10,8522,20,57,clean
4,10,1540,1,153,clean
5,10,5815,4,71,clean
2,3,4680,7,13,clean
6,8,2777,20,146,clean
1,2,2137,3,45,clean
3,2,7216,8,1,clean
4,5,4864,4,122,suspect
6,6,8603,12,112,clean
4,4,5985,15,114,clean
3,1,7085,16,110,clean
1,5,9152,18,119,clean
6,9,2849,1,54,clean
6,4,1911,20,193,clean
6,7,3317,15,106,clean
3,9,1735,12,108,suspect
4,9,7495,7,173,suspect
5,6,7073,1,140,clean
4,5,1570,13,96,suspect
4,4,4594,2,9,clean
3,5,1971,7,129,suspect
2,7,5855,4,100,suspect
5,5,6738,15,162,clean
6,5,851,5,68,clean
1,3,9763,20,48,clean
1,5,8415,10,42,clean
1,1,4035,19,17,clean
3,4,4570,3,157,suspect
5,9,7233,13,62,clean
2,10,2583,11,131,suspect
2,5,1437,15,169,clean
4,10,7537,17,113,clean
5,9,4895,19,43,clean
5,8,2474,9,131,clean
2,3,9389,13,142,clean
3,7,410,2,79,clean
1,9,8753,15,83,clean
6,7,4143,2,82,clean
2,9,6099,9,130,suspect
4,5,4049,10,34,suspect
5,9,2045,2,83,clean
1,3,9493,7,172,clean
6,6,905,16,83,clean
2,7,7186,6,182,suspect
4,4,5762,15,136,clean
3,10,1155,4,43,suspect
1,1,1480,5,130,clean
5,6,4416,9,9,clean
5,1,3694,18,144,clean
2,3,2011,14,67,clean
6,3,4883,3,87,clean
2,8,7299,3,13,suspect
3,3,8947,14,55,clean
3,3,621,2,114,clean
4,9,580,20,108,clean
5,4,2847,16,184,clean
6,7,3378,19,179,clean
3,1,7755,6,68,clean
3,4,7518,9,50,suspect
2,9,1392,7,38,suspect
5,1,6812,11,46,clean
2,7,9281,8,199,clean
5,2,8032,13,111,clean
4,6,1414,4,188,suspect
6,8,6910,17,32,clean
3,3,639,10,54,clean
3,6,9029,7,59,clean
5,7,5088,8,124,clean
1,2,5583,13,56,clean
4,4,4831,15,131,clean
3,8,7277,5,141,suspect
5,7,7286,20,200,clean
4,7,2522,14,145,suspect
6,7,7091,13,119,clean
1,5,7891,15,99,clean
3,4,2192,4,198,suspect
5,2,6914,16,38,clean
2,9,1190,5,162,suspect
5,2,3194,1,147,clean
4,8,9838,12,3,clean
6,8,5032,10,150,clean
3,7,8254,9,199,clean
4,3,1165,2,80,clean
1,9,4962,19,108,clean
2,1,8976,9,119,clean
6,4,6086,15,51,clean
6,3,9749,10,72,clean
3,1,7161,3,29,clean
6,5,9922,16,23,clean
6,3,3239,20,9,clean
3,1,4586,16,148,clean
2,8,2381,7,119,suspect
3,2,1118,1,51,clean
6,7,6930,17,83,clean
5,6,8123,2,131,clean
5,10,2606,8,106,clean
3,10,7202,10,143,suspect
6,1,9566,1,26,clean
3,5,6987,6,38,suspect
5,8,5083,8,48,clean
3,5,3707,2,46,clean
4,8,511,13,74,clean
6,10,821,9,160,clean
2,4,1299,16,42,clean
3,2,1496,6,76,clean
1,2,7491,14,200,clean
4,2,9557,3,130,clean
4,8,2698,17,167,clean
2,2,4766,13,117,clean
6,5,9017,2,93,clean
5,7,7768,15,71,clean
3,9,1160,1,119,clean
6,1,2730,17,176,clean
4,9,4048,8,166,suspect
4,3,5343,19,110,clean
4,8,5605,9,132,suspect
5,6,7981,19,121,clean
2,4,298,14,74,clean
5,2,2719,20,180,clean
4,2,1990,6,158,clean
5,5,5747,19,113,clean
3,9,8362,13,174,clean
6,6,2407,3,176,clean
1,9,2324,7,101,clean
6,2,8749,12,10,clean
6,7,7389,15,188,clean
5,2,7194,11,122,clean
1,4,1900,6,181,clean
1,3,5662,14,70,clean
5,10,2903,13,173,clean
4,6,8428,14,67,clean
6,10,9660,5,37,clean
5,5,9705,8,45,clean
2,10,7672,16,136,clean
3,7,1885,4,94,suspect
4,1,9059,18,129,clean
2,7,6211,7,189,suspect
5,4,1666,18,110,clean
6,2,7990,18,12,clean
6,3,2756,15,106,clean
2,7,4886,20,105,clean
5,6,5827,17,30,clean
5,6,1495,19,146,clean
2,8,3997,10,26,suspect
2,7,4684,6,173,suspect
5,6,7034,2,89,clean
4,7,2620,5,123,suspect
6,7,8781,1,156,clean
2,4,121,17,88,clean
3,1,148,17,37,clean
6,9,9635,9,182,clean
1,9,8619,6,156,clean
5,6,985,8,98,clean
2,5,5444,6,35,suspect
1,9,5248,4,153,clean
6,3,3923,14,190,clean
2,8,4710,10,35,suspect
3,4,2440,11,119,suspect
4,3,2361,8,189,clean
3,3,4016,11,23,clean
1,8,3699,5,29,clean
5,3,1292,14,101,clean
3,5,2482,8,58,suspect
4,3,3356,12,37,clean
3,4,8080,1,78,clean
2,6,5856,16,17,clean
4,4,2825,8,134,suspect
4,10,61,10,25,clean
6,1,1360,4,79,clean
6,5,2083,2,48,clean
2,2,2305,5,27,clean
6,2,2671,16,46,clean
1,4,9523,1,18,clean
3,8,8543,4,106,clean
5,5,4337,8,186,clean
4,5,975,20,182,clean
2,9,1866,10,140,suspect
4,1,1687,18,74,clean
1,9,5698,2,199,clean
2,8,9288,8,96,clean
4,1,6420,15,128,clean
3,5,110,15,194,clean
5,4,7655,3,24,clean
3,8,6455,15,166,clean
2,1,6933,5,168,clean
6,9,7003,7,112,clean
5,4,5453,4,38,clean
5,9,4825,7,47,clean
3,4,7366,5,73,suspect
6,4,2515,15,42,clean
2,3,4075,6,121,clean
2,7,8053,11,121,clean
5,8,8864,12,33,clean
1,1,4843,17,172,clean
4,1,1067,14,144,clean
5,10,5921,2,5,clean
5,10,9429,13,7,clean
5,5,1848,11,151,clean
5,7,7637,19,142,clean
3,7,7494,12,48,suspect
2,3,867,8,4,clean
3,5,3935,14,50,suspect
6,5,7325,1,13,clean
5,1,4452,20,147,clean
3,10,9856,17,62,clean
1,10,3754,20,49,clean
3,2,4652,14,136,clean
2,1,9237,1,111,clean
2,2,2519,13,66,clean
3,2,7671,6,136,clean
1,4,8032,15,21,clean
2,5,1431,7,25,suspect
3,2,6129,13,166,clean
4,7,8678,3,55,clean
2,7,7916,15,23,clean
3,8,6019,18,80,clean
4,6,1375,11,173,suspect
5,8,7626,7,95,clean
4,2,2279,1,45,clean
2,10,5821,20,108,clean
5,2,4144,15,7,clean
5,4,6128,5,74,clean
1,2,3124,4,113,clean
5,5,9613,16,11,clean
6,4,2079,14,200,clean
6,8,2868,16,141,clean
5,6,4801,16,31,clean
2,10,9698,7,78,clean
1,1,4841,2,56,clean
2,8,6345,6,3,clean
5,1,3874,14,128,clean
5,5,1339,2,106,clean
2,10,3180,5,169,suspect
6,8,4570,14,117,clean
3,1,5951,8,179,clean
2,5,2507,16,4,clean
5,1,3419,4,35,clean
3,6,9720,7,14,clean
3,7,4877,8,121,suspect
3,10,8217,4,157,clean
5,1,7303,15,78,clean
3,2,179,14,10,clean
4,10,2252,1,148,clean
1,8,2966,11,158,clean
2,7,1390,11,148,suspect
1,4,9664,3,140,clean
4,10,2928,16,159,clean
5,1,2784,20,12,clean
4,5,3213,15,166,clean
2,3,7332,7,74,clean
5,2,2592,19,131,clean
6,2,2564,5,63,clean
4,9,8091,4,18,clean
4,9,8795,15,106,clean
1,5,17,20,23,clean
6,9,3929,7,50,clean
6,6,256,1,177,clean
4,10,9415,4,47,clean
6,3,5390,4,54,clean
4,9,3887,2,151,clean
2,3,5313,12,177,clean
2,3,4340,10,110,clean
6,7,3673,9,31,clean
5,8,4236,12,121,clean
5,3,2825,5,47,clean
1,4,2797,9,144,clean
3,1,1252,17,173,clean
3,10,1643,4,187,suspect
6,10,6052,11,192,clean
6,7,5198,14,29,clean
5,9,5427,20,121,clean
6,8,7138,18,17,clean
2,1,7000,11,172,clean
6,2,9862,20,21,clean
2,10,4204,11,53,suspect
6,4,328,20,59,clean
5,1,5922,15,56,clean
5,6,5581,16,22,clean
4,8,3007,2,33,clean
4,9,9394,18,11,clean
5,2,363,9,172,clean
2,8,3977,10,88,suspect
4,8,8435,15,164,clean
4,1,8405,13,20,clean
3,10,7534,3,137,suspect
4,4,711,20,91,clean
4,5,5857,7,88,suspect
2,9,9397,2,147,clean
4,1,2392,9,39,clean
2,4,5387,1,131,clean
3,7,618,1,194,clean
5,9,7049,9,71,clean
6,8,5833,10,99,clean
5,9,9705,8,23,clean
3,4,3317,5,77,suspect
1,10,1937,15,64,clean
1,9,5469,14,149,clean
5,5,734,8,7,clean
4,4,7029,12,35,suspect
3,1,5944,20,73,clean
5,3,2059,11,69,clean
6,4,6740,10,170,clean
3,4,5938,2,57,clean
3,9,2602,10,68,suspect
4,5,6176,8,15,suspect
2,6,1944,19,130,clean
4,9,755,12,2,clean
4,2,1802,15,46,clean
5,4,8966,4,87,clean
1,6,8222,12,82,clean
1,5,2506,14,80,clean
1,6,5660,10,200,clean
6,2,8422,16,109,clean
5,5,209,18,35,clean
4,4,8008,17,133,clean
4,3,6062,13,94,clean
5,3,1542,3,100,clean
4,6,911,15,85,clean
5,2,483,7,3,clean
2,8,6483,4,59,suspect
3,10,3295,7,151,suspect
2,5,3607,5,91,suspect
2,6,3879,6,50,suspect
3,10,6212,8,122,suspect
6,6,7283,1,14,clean
6,9,8536,7,139,clean
5,10,3838,12,74,clean
6,9,4790,5,1,clean
1,5,8197,9,77,clean
6,4,5701,11,50,clean
2,1,9533,14,39,clean
3,5,3954,18,92,clean
2,6,4937,8,57,suspect
2,9,7259,1,33,clean
3,9,9908,11,76,clean
5,2,4689,18,155,clean
5,1,9878,11,40,clean
3,1,7131,11,182,clean
2,6,6328,8,40,suspect
5,10,2918,4,110,clean
6,10,5754,3,29,clean
5,7,8198,7,116,clean
2,8,7300,8,180,suspect
1,6,9626,10,54,clean
1,3,6023,8,125,clean
1,7,1367,19,103,clean
5,9,7356,9,21,clean
6,9,1644,15,100,clean
3,6,5331,11,193,suspect
1,3,388,18,127,clean
2,10,1750,8,0,clean
2,8,5718,8,39,suspect
6,6,8345,13,135,clean
6,2,5522,17,43,clean
6,4,20,6,31,clean
5,8,601,12,144,clean
1,6,5544,8,115,clean
1,7,5345,6,188,clean
2,9,8758,11,164,clean
4,2,3821,10,171,clean
2,4,344,12,29,clean
6,5,1828,20,194,clean
2,4,1672,3,33,suspect
2,4,7272,4,59,suspect
6,3,1107,20,66,clean
4,10,9292,12,6,clean
1,2,3773,14,27,clean
6,10,4920,5,3,clean
5,6,2268,8,151,clean
2,5,1828,18,187,clean
5,6,2501,19,57,clean
3,6,4035,7,59,suspect
2,6,2375,3,118,suspect
5,4,2652,13,77,clean
3,2,5665,17,57,clean
3,6,515,4,155,clean
5,7,9482,14,183,clean
1,7,7583,8,193,clean
2,4,1909,6,9,clean
2,10,7383,3,115,suspect
2,7,8153,19,75,clean
5,10,379,7,36,clean
4,9,6731,13,89,suspect
2,7,2479,9,171,suspect
3,3,4242,10,197,clean
3,1,5523,14,89,clean
1,6,8080,18,53,clean
1,2,6960,10,121,clean
2,3,9599,20,119,clean
4,10,8701,3,12,clean
1,10,8773,9,122,clean
2,6,9784,11,193,clean
1,1,8880,14,21,clean
5,3,7383,14,195,clean
3,8,4365,16,136,clean
3,9,4552,17,19,clean
1,5,2472,5,151,clean
1,5,1144,2,158,clean
1,6,4285,8,83,clean
6,9,1773,1,152,clean
4,5,8823,17,143,clean
4,8,9794,12,108,clean
3,7,1636,14,114,suspect
6,3,1553,15,137,clean
3,3,6155,18,83,clean
3,2,4486,12,112,clean
3,2,3451,5,177,clean
5,9,3862,10,196,clean
1,6,7544,6,142,clean
2,3,9678,14,71,clean
6,2,6485,12,143,clean
2,10,5554,15,169,clean
5,1,2095,7,161,clean
3,2,5526,2,74,clean
6,10,4308,2,35,clean
2,4,8903,18,108,clean
1,6,8219,9,109,clean
2,4,9635,4,173,clean
5,6,9455,1,130,clean
4,2,143,1,26,clean
5,4,3184,4,179,clean
1,2,7244,4,114,clean
6,2,8959,5,165,clean
3,1,8917,12,104,clean
3,2,8689,14,187,clean
4,7,4838,2,118,clean
1,4,6487,4,148,clean
6,3,351,17,90,clean
2,5,4720,2,64,clean
2,4,4282,10,138,suspect
4,8,9353,12,63,clean
1,3,4429,3,117,clean
1,2,2385,3,145,clean
5,1,9653,20,157,clean
6,5,2080,17,23,clean
4,4,5161,12,154,suspect
2,6,191,10,114,clean
1,9,9572,6,146,clean
1,1,6327,19,171,clean
3,6,2643,8,154,suspect
5,4,3472,19,196,clean
2,7,731,11,113,clean
2,5,1510,10,19,suspect
3,4,433,4,28,clean
2,4,6382,18,86,clean
2,10,8813,12,19,clean
4,4,7575,9,102,suspect
1,1,6164,3,161,clean
2,6,512,15,150,clean
1,4,7066,16,104,clean
6,4,6247,19,96,clean
2,3,2038,8,20,clean
1,2,3782,5,37,clean
3,10,4932,20,58,clean
4,10,2263,8,163,suspect
5,7,2227,8,25,clean
1,5,1542,13,61,clean
4,10,3049,8,44,suspect
6,9,2622,20,58,clean
3,8,2549,15,105,clean
2,8,6093,8,8,clean
6,3,3570,2,5,clean
1,4,4596,1,73,clean
6,1,8443,8,167,clean
1,3,8279,14,170,clean
5,9,2126,14,127,clean
3,4,5084,17,112,clean
3,1,2450,19,58,clean
5,5,868,16,173,clean
3,7,6220,7,52,suspect
4,6,7526,18,172,clean
2,6,1967,20,15,clean
5,5,5405,15,121,clean
1,7,2842,14,162,clean
4,4,4835,19,194,clean
1,10,4476,19,99,clean
5,4,9514,3,25,clean
4,5,8737,6,102,clean
5,5,9499,8,12,clean
1,9,8948,12,27,clean
4,3,3928,19,50,clean
1,10,527,15,66,clean
6,10,1652,4,54,clean
1,8,8875,20,179,clean
4,10,1065,2,131,clean
6,5,2751,8,3,clean
5,6,222,19,39,clean
6,6,3685,3,15,clean
5,5,4880,2,89,clean
3,1,9147,2,144,clean
6,9,867,18,19,clean
5,6,654,11,5,clean
6,2,338,11,90,clean
3,5,7412,5,50,suspect
1,10,9704,10,40,clean
2,8,1716,16,99,clean
5,4,9213,17,148,clean
5,7,4068,9,18,clean
5,1,4353,13,190,clean
2,9,4132,19,36,clean
1,8,1996,20,174,clean
6,5,5724,3,70,clean
4,10,947,2,72,clean
6,3,3712,14,78,clean
5,1,2969,6,56,clean
4,1,7743,4,119,clean
3,9,1499,2,75,clean
2,3,8536,18,124,clean
4,1,1524,16,196,clean
2,8,7752,18,11,clean
6,4,9641,16,34,clean
2,6,8745,16,99,clean
6,5,3693,5,198,clean
4,9,4195,8,85,suspect
3,5,7988,2,64,clean
5,1,8131,20,39,clean
2,10,1111,5,124,suspect
1,6,1006,12,81,clean
4,10,6040,6,15,suspect
4,8,3508,17,139,clean
6,5,843,16,59,clean
4,4,5222,20,32,clean
6,4,7094,20,11,clean
2,9,4213,5,116,suspect
6,8,5123,3,167,clean
6,2,4414,10,90,clean
1,1,7418,6,4,clean
5,3,7884,12,81,clean
2,10,3940,3,13,suspect
2,8,4215,9,51,suspect
2,5,8803,3,158,clean
5,5,2688,3,78,clean
1,1,4271,14,74,clean
3,7,2254,12,64,suspect
4,9,4472,12,13,suspect
1,8,1101,20,122,clean
1,5,4910,18,24,clean
4,4,824,1,101,clean
4,2,5249,8,15,clean
2,2,7188,10,75,clean
4,4,1378,11,160,suspect
1,2,7622,1,126,clean
4,9,764,10,186,clean
1,2,6404,4,9,clean
4,6,4200,15,59,clean
1,2,4811,19,95,clean
3,8,7545,20,31,clean
1,4,4773,18,40,clean
6,4,8214,12,168,clean
6,4,8846,3,38,clean
2,7,1664,5,28,suspect
2,6,6622,16,160,clean
1,2,4639,6,117,clean
6,7,6197,15,75,clean
5,3,5729,5,34,clean
6,5,6537,19,132,clean
1,8,2255,3,106,clean
4,6,2484,17,150,clean
4,10,6258,1,165,clean
2,1,6220,8,88,clean
3,5,4249,4,105,suspect
6,9,1727,16,145,clean
4,6,8826,19,113,clean
5,5,1440,7,80,clean
4,6,7905,7,169,suspect
1,4,624,10,57,clean
1,5,8203,1,171,clean
5,3,3692,13,91,clean
4,4,8460,1,23,clean
5,7,7026,11,121,clean
6,1,1633,6,17,clean
3,5,1794,8,169,suspect
6,3,408,1,84,clean
5,8,1375,4,60,clean
4,6,2527,12,199,suspect
2,4,655,9,111,clean
5,4,7346,15,83,clean
6,10,4285,17,100,clean
1,8,8006,17,141,clean
1,1,8545,11,156,clean
2,3,1658,17,123,clean
3,10,1905,15,28,clean
1,5,342,13,193,clean
2,1,3272,4,49,clean
4,5,6917,6,27,suspect
1,7,3137,6,52,clean
3,10,5325,14,198,suspect
3,1,2004,12,22,clean
3,10,8529,3,59,clean
6,9,5103,5,77,clean
2,5,5014,2,171,clean
3,2,6536,14,55,clean
2,6,1038,19,165,clean
2,3,5556,7,72,clean
4,10,4319,9,63,suspect
4,9,3050,7,176,suspect
3,4,4917,7,40,suspect
3,6,1839,5,85,suspect
6,4,1210,3,17,clean
6,3,1995,9,92,clean
4,8,8400,15,40,clean
1,4,1866,5,11,clean
5,6,2437,16,76,clean
3,9,2659,4,196,suspect
1,1,7117,9,44,clean
2,9,2924,11,156,suspect
1,6,565,3,93,clean
6,2,9710,4,152,clean
4,7,2082,8,123,suspect
6,4,4882,7,142,clean
2,6,386,17,197,clean
5,2,9521,20,114,clean
4,5,2232,20,161,clean
1,3,362,17,123,clean
5,2,5303,3,63,clean
1,6,5905,2,50,clean
2,10,3114,2,43,clean
4,10,1796,15,81,clean
1,5,8951,5,94,clean
4,3,2379,9,29,clean
6,7,9084,9,24,clean
4,3,9592,11,110,clean
4,6,5745,18,11,clean
4,6,2933,2,153,clean
5,9,2581,17,70,clean
2,3,7024,11,83,clean
6,9,8639,9,181,clean
6,2,4135,14,185,clean
6,7,8680,12,181,clean
4,2,3872,13,133,clean
4,8,2618,9,65,suspect
5,2,7727,19,85,clean
5,6,8238,6,33,clean
4,2,3704,7,84,clean
5,7,3071,19,94,clean
4,7,6557,6,176,suspect
5,10,8433,3,137,clean
3,5,3639,2,97,clean
3,1,3125,20,78,clean
1,7,4827,18,42,clean
1,10,606,20,116,clean
1,1,1433,2,99,clean
6,4,8140,19,182,clean
6,2,6556,20,175,clean
2,3,633,18,6,clean
4,7,2909,19,45,clean
2,5,8243,2,13,clean
1,6,4893,11,117,clean
5,6,6104,17,40,clean
1,10,4526,15,11,clean
4,10,2846,10,60,suspect
2,9,8933,15,1,clean
4,2,8945,15,122,clean
3,7,3779,8,98,suspect
4,5,6947,9,199,suspect
5,8,1804,9,87,clean
6,4,8719,10,84,clean
1,6,7412,20,173,clean
2,4,8975,8,94,clean
6,6,5932,15,80,clean
3,9,1320,17,61,clean
6,2,1895,17,137,clean
3,4,8407,12,128,clean
6,1,893,18,52,clean
3,3,6147,1,123,clean
3,3,8989,20,88,clean
2,3,7253,4,42,clean
1,6,9729,18,56,clean
1,9,7993,2,171,clean
5,4,8250,9,81,clean
2,10,443,16,12,clean
6,7,6335,19,108,clean
3,6,2548,4,49,suspect
4,3,9812,8,126,clean
5,9,6104,8,142,clean
3,3,3619,19,19,clean
6,2,2018,1,106,clean
6,8,8562,8,149,clean
5,9,9159,11,107,clean
5,4,6194,2,97,clean
5,3,5802,9,126,clean
6,4,1109,4,112,clean
6,2,4939,17,146,clean
3,5,2980,20,151,clean
5,6,7168,17,177,clean
3,7,4006,12,160,suspect
2,3,703,11,155,clean
5,2,5103,12,137,clean
2,8,6512,16,37,clean
3,7,734,4,30,clean
2,5,6496,8,32,suspect
2,9,4135,9,65,suspect
4,9,5396,19,120,clean
6,6,2213,9,177,clean
6,3,9202,12,106,clean
4,5,3586,11,112,suspect
2,3,7522,13,170,clean
6,8,5980,6,10,clean
2,5,6725,19,156,clean
1,5,4365,1,161,clean
6,7,9823,14,126,clean
1,8,5105,8,81,clean
5,5,2584,10,33,clean
4,9,3273,7,36,suspect
3,5,7348,8,48,suspect
1,4,9298,5,131,clean
2,3,4410,6,20,clean
1,9,9872,13,156,clean
4,9,8228,1,185,clean
2,9,2708,16,43,clean
3,1,996,17,77,clean
4,9,7955,2,68,clean
3,3,9242,12,115,clean
1,4,9994,19,198,clean
4,1,3463,15,37,clean
1,10,8185,17,178,clean
3,10,6135,10,168,suspect
2,5,5325,16,45,clean
1,2,5286,9,36,clean
4,8,7988,1,100,clean
1,2,6812,15,93,clean
1,9,6746,15,60,clean
6,3,4801,18,23,clean
6,1,9598,5,125,clean
3,2,9112,11,93,clean
2,5,6367,15,197,clean
4,9,6022,15,23,clean
4,9,8226,15,9,clean
5,10,4110,6,196,clean
2,7,1256,8,120,suspect
3,10,6477,3,69,suspect
5,2,1427,1,96,clean
6,10,3887,18,189,clean
4,4,589,15,78,clean
2,8,91,5,44,clean
1,7,8774,20,191,clean
6,6,705,2,125,clean
6,10,8282,14,125,clean
3,4,7365,8,47,suspect
1,10,1940,10,114,clean
6,10,9860,13,117,clean
2,10,579,11,32,clean
6,9,6756,1,62,clean
1,8,3515,3,27,clean
5,3,5293,20,76,clean
4,7,8239,18,163,clean
1,10,6098,7,89,clean
4,6,2765,9,153,suspect
2,10,8928,6,132,clean
4,7,2022,2,17,clean
1,1,17,6,176,clean
4,9,3226,15,166,clean
6,4,4795,4,17,clean
6,5,3083,6,121,clean
3,7,5099,5,142,suspect
2,4,2589,5,54,suspect
1,3,3472,2,36,clean
5,6,9180,19,48,clean
1,8,840,17,74,clean
6,6,2512,20,177,clean
1,7,2860,14,147,clean
1,2,6821,20,71,clean
5,6,1051,18,70,clean
6,4,6465,9,158,clean
4,6,1266,20,189,clean
1,4,857,4,58,clean
3,3,542,20,115,clean
3,9,9506,4,72,clean
4,1,1269,17,111,clean
1,7,4850,4,110,clean
5,6,1431,12,138,clean
1,5,9793,16,172,clean
4,9,6970,19,160,clean
6,2,8463,19,182,clean
6,8,69,1,155,clean
5,7,5226,7,135,clean
1,8,1828,5,97,clean
1,5,2677,4,135,clean
5,10,6992,8,146,clean
5,5,1680,6,61,clean
6,2,6662,13,43,clean
3,7,3229,3,57,suspect
5,6,1084,9,150,clean
1,8,7961,16,105,clean
6,8,9335,3,28,clean
1,2,9407,11,172,clean
4,8,1849,14,35,suspect
6,10,3513,8,107,clean
4,4,8819,16,126,clean
6,8,3899,7,90,clean
4,5,6965,12,120,suspect
1,3,1566,4,90,clean
2,6,626,14,143,clean
5,10,5682,7,152,clean
5,8,6886,12,195,clean
3,7,6161,7,24,suspect
6,10,6608,15,24,clean
1,6,3676,11,58,clean
1,1,4184,2,105,clean
2,2,3731,5,132,clean
4,8,1717,20,191,clean
4,7,437,20,184,clean
2,1,2446,18,63,clean
6,3,1927,14,33,clean
3,2,2084,17,133,clean
4,9,1995,1,0,clean
2,4,1682,19,31,clean
1,2,5607,14,171,clean
5,8,2757,13,138,clean
5,2,2940,17,46,clean
1,9,20,16,88,clean
5,5,9328,5,9,clean
3,6,5363,14,26,suspect
2,4,2660,9,160,suspect
1,2,2224,9,127,clean
1,1,460,4,103,clean
3,5,4622,19,34,clean
5,7,7340,9,190,clean
5,2,6233,19,48,clean
4,5,679,18,179,clean
2,9,7121,4,6,clean
5,3,4257,3,170,clean
2,7,5315,10,31,suspect
5,10,9842,13,84,clean
2,8,7952,12,120,suspect
5,9,1435,6,151,clean
6,6,3462,5,34,clean
2,4,4845,5,154,suspect
4,3,9843,11,8,clean
2,8,2004,10,197,suspect
5,9,9380,6,14,clean
1,1,7035,9,182,clean
1,4,2211,7,65,clean
2,2,269,12,163,clean
4,5,5706,17,74,clean
6,5,7020,7,114,clean
5,2,4727,11,162,clean
1,7,3228,9,100,clean
5,2,1489,11,83,clean
2,1,2888,9,196,clean
6,4,1452,2,179,clean
6,3,6722,8,90,clean
1,9,2292,4,27,clean
4,4,258,6,178,clean
5,4,1865,1,45,clean
5,1,5476,8,35,clean
2,3,8537,3,173,clean
5,9,1648,9,54,clean
4,6,196,15,78,clean
4,8,8307,11,88,clean
6,3,5783,4,12,clean
6,7,3661,15,13,clean
5,2,6048,17,119,clean
2,2,5881,14,151,clean
3,9,1722,6,65,suspect
1,1,7216,20,133,clean
2,3,4632,15,128,clean
3,10,6111,17,73,clean
1,7,3083,20,183,clean
4,4,4535,12,40,suspect
3,1,7444,12,200,clean
6,6,7249,15,126,clean
3,10,4780,13,15,suspect
3,5,5191,1,165,clean
6,5,3448,19,67,clean
4,10,387,5,150,clean
5,10,7809,10,54,clean
3,1,4409,16,52,clean
6,5,1696,7,108,clean
4,3,1852,9,100,clean
4,9,4261,17,152,clean
2,1,4776,12,101,clean
1,9,2698,6,42,clean
1,8,4787,1,112,clean
6,6,8141,16,167,clean
3,3,8096,11,123,clean
6,2,6701,6,134,clean
6,7,2872,4,191,clean
4,7,7715,16,93,clean
3,9,1807,15,45,clean
3,2,8289,11,32,clean
2,2,3228,10,107,clean
5,4,758,7,80,clean
4,10,121,20,143,clean
4,9,5246,1,120,clean
5,6,5997,6,19,clean
1,9,1925,20,9,clean
2,8,3456,1,197,clean
2,6,5165,10,40,suspect
6,5,9105,9,131,clean
1,8,5806,5,92,clean
1,8,2831,10,194,clean
2,4,7064,19,11,clean
1,8,6832,2,140,clean
4,1,3545,15,98,clean
1,6,8942,12,80,clean
6,1,7050,3,27,clean
5,1,4899,14,85,clean
2,5,4649,17,117,clean
3,5,5166,11,71,suspect
4,2,8503,11,24,clean
4,2,7848,2,126,clean
2,2,9255,8,180,clean
2,10,4238,14,125,suspect
4,8,1962,15,11,clean
6,2,2650,5,66,clean
5,2,2544,1,40,clean
1,9,9202,7,26,clean
2,5,6100,11,178,suspect
3,4,6436,12,32,suspect
3,8,283,19,176,clean
2,1,2413,8,63,clean
3,5,4376,6,193,suspect
6,5,5644,7,75,clean
4,4,1996,15,108,clean
3,9,4218,17,182,clean
3,4,6660,7,11,suspect
3,2,9114,17,130,clean
4,3,9847,17,183,clean
1,2,3967,11,64,clean
3,9,1936,15,130,clean
3,9,9318,15,108,clean
3,8,4518,15,4,clean
1,3,8297,13,156,clean
4,2,149,8,99,clean
1,4,5348,6,27,clean
3,2,7306,15,152,clean
4,6,4371,14,103,suspect
2,5,2136,15,59,clean
1,2,7439,11,170,clean
6,4,3466,8,129,clean
3,8,1479,19,14,clean
1,7,9943,17,142,clean
1,4,599,6,145,clean
5,3,6427,3,55,clean
4,1,4841,20,101,clean
4,1,6683,1,116,clean
3,10,4027,5,55,suspect
4,4,860,13,46,clean
4,4,9377,9,61,clean
5,3,7619,6,48,clean
6,4,6339,3,8,clean
1,6,7300,1,149,clean
5,5,4865,16,64,clean
6,7,1227,14,27,clean
4,4,5749,19,112,clean
3,8,2367,17,70,clean
3,3,1884,5,22,clean
5,6,9097,13,61,clean
4,8,9826,2,139,clean
2,9,9488,8,11,clean
2,1,714,5,84,clean
1,7,8101,7,115,clean
1,2,9712,6,194,clean
6,4,5671,20,11,clean
3,2,3023,5,50,clean
2,10,2264,1,176,clean
4,9,8912,10,81,clean
4,2,7152,18,86,clean
6,3,9402,10,141,clean
4,9,4896,5,177,suspect
4,3,8453,11,69,clean
3,10,3032,20,40,clean
2,7,5737,8,56,suspect
1,8,9924,4,0,clean
4,7,9125,10,157,clean
4,6,1360,4,87,suspect
4,4,6581,16,32,clean
5,6,8289,17,177,clean
5,2,7562,1,62,clean
3,7,4415,16,148,clean
6,8,5788,8,4,clean
1,6,5814,18,168,clean
5,5,5436,20,200,clean
4,10,1270,3,108,suspect
1,1,6104,14,85,clean
6,1,3529,4,112,clean
6,5,6166,10,155,clean
6,6,1370,4,89,clean
1,9,730,16,176,clean
2,4,4689,4,126,suspect
2,6,9793,3,200,clean
3,10,89,2,130,clean
6,8,4926,3,63,clean
4,4,7740,20,83,clean
1,7,3782,6,167,clean
6,6,7552,19,29,clean
5,6,7306,20,185,clean
5,7,1634,16,153,clean
3,9,2699,4,22,suspect
3,3,8889,2,71,clean
3,8,3174,17,71,clean
6,2,1932,16,122,clean
3,8,8906,18,200,clean
4,4,7895,13,9,clean
5,8,2021,1,175,clean
1,1,8742,18,30,clean
1,3,5055,6,89,clean
6,2,5156,18,67,clean
6,3,1218,13,116,clean
4,4,5668,17,94,clean
5,10,1321,13,142,clean
1,6,9838,5,102,clean
4,4,6263,15,124,clean
3,1,5755,11,194,clean
1,7,1321,2,122,clean
6,7,184,18,58,clean
2,7,303,4,95,clean
6,5,3265,16,15,clean
5,9,3235,11,165,clean
2,3,6130,13,122,clean
1,9,4811,12,5,clean
1,8,8942,3,57,clean
2,3,3251,15,175,clean
2,5,7883,3,133,suspect
4,2,5590,3,142,clean
1,1,2509,17,96,clean
6,8,3481,13,189,clean
1,8,3459,2,48,clean
6,9,270,18,140,clean
3,4,9243,7,48,clean
1,6,7118,6,169,clean
3,3,2973,13,185,clean
4,9,2922,14,146,suspect
1,3,5130,13,29,clean
4,3,8430,1,159,clean
2,10,1155,14,60,suspect
4,5,5411,20,156,clean
3,3,5177,19,46,clean
3,9,1689,8,115,suspect
2,10,1306,12,12,suspect
4,2,8640,3,118,clean
2,3,1958,4,57,clean
2,1,1898,12,61,clean
2,3,2940,8,55,clean
3,2,134,18,148,clean
1,7,5918,13,125,clean
6,1,8551,20,72,clean
3,4,4908,18,36,clean
2,1,3343,7,53,clean
3,6,9524,6,28,clean
5,10,2615,11,136,clean
4,4,1163,15,46,clean
6,7,4963,7,101,clean
2,1,2579,17,190,clean
3,3,1534,13,58,clean
3,8,5445,4,33,suspect
2,3,829,18,16,clean
1,4,8518,14,59,clean
3,3,4660,12,120,clean
5,6,273,7,144,clean
4,2,8031,19,84,clean
5,3,373,6,45,clean
3,8,9504,17,106,clean
5,2,1745,5,3,clean
6,7,1751,7,190,clean
6,10,158,17,60,clean
1,2,6999,14,128,clean
6,5,6687,1,25,clean
6,8,8019,5,190,clean
4,1,6541,1,140,clean
4,5,2929,16,106,clean
1,3,3390,19,193,clean
4,10,474,15,6,clean
1,4,2539,7,188,clean
3,4,7335,9,173,suspect
1,1,5677,9,91,clean
1,10,4567,10,177,clean
3,5,4262,18,45,clean
3,2,3315,5,142,clean
3,9,9127,4,93,clean
1,7,3760,3,123,clean
5,2,9371,3,151,clean
3,3,9642,16,170,clean
5,7,7327,12,160,clean
6,6,8575,8,126,clean
1,7,2330,2,0,clean
2,10,6360,18,33,clean
4,5,4350,15,90,clean
5,1,7537,9,99,clean
3,2,5023,3,167,clean
2,3,5266,4,110,clean
1,4,9503,2,181,clean
6,10,2197,9,77,clean
4,6,787,3,41,clean
1,2,8286,14,93,clean
3,8,1106,11,110,suspect
4,5,8972,11,105,clean
1,10,2317,20,176,clean
1,4,7052,17,134,clean
6,1,3207,8,19,clean
6,7,2029,13,99,clean
4,9,1566,13,134,suspect
2,9,4578,12,114,suspect
3,4,9823,17,104,clean
5,4,2511,18,117,clean
6,3,6784,14,161,clean
4,7,306,17,26,clean
3,1,7930,12,168,clean
2,5,6559,19,160,clean
4,8,7036,5,12,suspect
3,9,771,20,122,clean
3,10,1679,1,79,clean
3,10,6553,17,124,clean
6,10,2992,18,34,clean
4,10,7287,5,86,suspect
6,8,8822,14,133,clean
2,4,8618,14,167,clean
2,2,4270,13,71,clean
3,9,4116,3,191,suspect
4,1,2922,3,163,clean
6,3,9759,18,21,clean
4,1,7167,11,176,clean
1,1,1607,18,188,clean
6,2,8452,10,128,clean
6,9,3169,10,52,clean
3,1,6461,8,151,clean
5,3,369,12,136,clean
6,6,4078,4,106,clean
4,8,5557,16,55,clean
4,1,9104,8,12,clean
2,1,3980,6,127,clean
5,8,9006,11,72,clean
1,4,5971,8,64,clean
2,9,1674,4,187,suspect
4,8,2781,6,137,suspect
1,3,2638,7,51,clean
1,10,5013,6,121,clean
3,4,3445,15,28,clean
3,7,2640,2,15,clean
2,8,6755,15,32,clean
6,6,1659,5,35,clean
4,1,4403,12,182,clean
5,8,7658,19,9,clean
6,3,3903,19,103,clean
1,1,9582,18,125,clean
1,7,1530,11,155,clean
1,9,2036,6,45,clean
2,3,5644,13,41,clean
2,3,9317,11,155,clean
6,5,5119,14,116,clean
5,1,876,3,186,clean
6,8,9836,15,36,clean
4,10,3362,12,193,suspect
2,3,2411,20,37,clean
4,1,5575,7,189,clean
3,1,1153,3,69,clean
5,3,3794,9,69,clean
4,9,5510,2,133,clean
5,7,8692,4,177,clean
4,2,8281,17,6,clean
2,7,3857,5,20,suspect
3,6,4212,16,110,clean
5,2,9516,3,191,clean
1,1,6308,16,71,clean
2,10,6224,7,141,suspect
4,2,5533,5,129,clean
3,4,2357,16,96,clean
1,8,6831,13,120,clean
6,3,618,8,118,clean
5,3,858,17,85,clean
5,8,7343,6,194,clean
3,8,2523,12,60,suspect
1,9,10000,12,84,clean
2,7,215,19,190,clean
3,4,8527,5,34,clean
4,9,2817,13,144,suspect
1,1,8081,17,23,clean
4,3,4461,14,89,clean
2,1,3784,8,163,clean
4,2,8062,18,27,clean
4,4,7169,16,24,clean
1,1,4160,2,16,clean
4,7,3221,14,180,suspect
1,1,5079,16,87,clean
1,8,9250,10,13,clean
1,3,3210,13,90,clean
1,6,8543,12,82,clean
4,4,4466,1,6,clean
6,5,6103,17,60,clean
1,8,255,18,58,clean
3,3,179,20,172,clean
1,9,6391,7,77,clean
4,1,1675,3,105,clean
2,5,8126,14,4,clean
2,9,4623,20,3,clean
2,1,5554,16,176,clean
6,5,1601,16,7,clean
5,10,1709,7,132,clean
3,4,64,13,21,clean
4,10,3699,14,47,suspect
5,1,8790,12,48,clean
4,4,7573,7,2,clean
3,6,8491,18,126,clean
1,5,6943,3,42,clean
6,10,561,5,103,clean
5,5,6926,7,33,clean
4,7,6313,7,106,suspect
2,6,4676,17,90,clean
1,2,2249,17,174,clean
2,5,4557,4,118,suspect
5,8,6840,8,168,clean
3,4,2470,19,86,clean
2,6,2159,20,22,clean
2,10,4250,12,51,suspect
1,8,1410,15,169,clean
1,4,311,13,109,clean
5,8,6414,12,103,clean
1,9,6209,10,197,clean
2,2,4768,1,87,clean
6,6,2878,2,68,clean
3,3,6491,12,59,clean
1,7,9289,6,76,clean
4,9,7531,20,163,clean
2,1,2376,8,175,clean
1,6,5822,2,50,clean
1,8,9514,6,74,clean
3,9,6525,2,149,clean
3,9,3693,4,116,suspect
4,5,2467,11,84,suspect
6,2,1695,14,159,clean
5,6,6927,19,112,clean
6,6,7105,13,120,clean
3,6,9786,20,14,clean
1,4,3675,10,135,clean
2,4,3453,16,13,clean
4,4,148,10,148,clean
2,3,5400,12,76,clean
2,5,6297,3,67,suspect
1,6,3484,17,162,clean
3,3,1193,15,9,clean
2,7,3691,12,169,suspect
6,4,5988,10,38,clean
1,3,5176,6,54,clean
2,4,5545,8,92,suspect
2,3,9365,15,198,clean
2,5,664,14,187,clean
4,3,7466,1,111,clean
6,1,6025,6,169,clean
2,4,5897,1,189,clean
6,7,279,11,178,clean
6,7,9729,7,42,clean
3,4,854,5,88,clean
5,10,6629,3,171,clean
3,3,3249,14,167,clean
2,7,3659,3,62,suspect
5,9,5749,5,59,clean
5,10,344,10,57,clean
3,6,5846,4,115,suspect
3,9,1579,15,155,clean
3,5,8368,7,155,clean
5,10,4157,11,9,clean
5,7,1236,11,31,clean
3,8,5338,8,104,suspect
2,1,6891,13,62,clean
6,8,1616,15,112,clean
6,6,6499,5,166,clean
6,5,6005,10,11,clean
3,5,9360,14,122,clean
5,10,8905,9,91,clean
5,9,9750,8,28,clean
2,7,1091,17,54,clean
1,8,8334,8,127,clean
4,7,3670,6,155,suspect
5,6,7667,5,165,clean
2,10,8966,6,158,clean
3,8,7396,11,165,suspect
1,4,3392,11,100,clean
5,1,1967,15,52,clean
4,6,4706,9,2,clean
3,3,4542,11,1,clean
6,8,365,11,126,clean
6,3,7957,18,132,clean
4,6,791,19,70,clean
2,7,2355,13,14,suspect
4,9,1154,9,81,suspect
4,4,73,4,96,clean
5,8,9208,15,70,clean
3,8,5174,16,165,clean
3,3,8025,18,34,clean
4,4,5295,7,27,suspect
1,1,5481,1,71,clean
4,1,4415,19,163,clean
6,3,5566,4,37,clean
2,6,701,19,45,clean
3,8,6463,6,78,suspect
3,7,8151,17,119,clean
5,7,6848,2,97,clean
6,3,7736,17,38,clean
6,6,3873,15,165,clean
1,3,627,1,150,clean
4,6,3481,13,34,suspect
2,7,8841,4,143,clean
5,10,9016,12,186,clean
6,1,9024,14,176,clean
3,10,1633,10,44,suspect
5,6,8481,18,95,clean
6,3,2988,10,68,clean
1,4,3231,4,26,clean
6,6,43,15,22,clean
2,9,6248,12,72,suspect
3,10,4779,19,107,clean
5,3,7948,16,28,clean
4,4,2289,18,118,clean
3,4,5403,13,139,suspect
5,9,520,7,11,clean
2,7,8273,12,186,clean
2,8,1290,7,122,suspect
6,2,66,11,140,clean
3,5,4695,10,30,suspect
6,9,9470,13,40,clean
1,7,9117,1,200,clean
1,2,784,14,179,clean
6,4,1372,17,32,clean
2,6,2270,11,55,suspect
1,1,1230,12,91,clean
1,10,3365,13,35,clean
2,3,2604,2,5,clean
5,9,3049,4,46,clean
4,10,1547,12,82,suspect
1,6,760,9,176,clean
2,7,5798,20,36,clean
4,2,2513,15,53,clean
6,4,958,10,23,clean
5,1,667,19,74,clean
3,3,8778,9,182,clean
5,10,3801,17,181,clean
5,8,4478,9,166,clean
6,1,8046,16,186,clean
3,8,3128,7,52,suspect
2,10,9780,14,12,clean
1,2,5614,11,30,clean
2,5,5376,18,53,clean
3,5,7358,17,100,clean
5,6,2922,1,174,clean
2,5,7370,15,167,clean
2,8,2510,18,49,clean
1,2,84,1,24,clean
5,9,3269,12,115,clean
2,6,5905,6,195,suspect
5,7,8720,13,114,clean
2,5,7164,2,176,clean
4,3,260,18,22,clean
1,4,3118,13,17,clean
3,6,4355,17,189,clean
5,3,844,8,157,clean
6,1,7939,14,198,clean
4,3,7366,17,196,clean
6,8,4649,11,180,clean
2,4,9069,10,12,clean
3,2,2101,13,3,clean
6,8,9962,9,82,clean
4,1,7164,6,59,clean
6,1,7684,15,134,clean
1,1,8471,5,85,clean
3,2,2080,19,185,clean
5,3,2696,4,182,clean
1,2,8876,8,117,clean
3,4,8182,9,169,clean
6,5,5340,12,195,clean
1,3,7588,18,30,clean
2,3,4255,19,95,clean
3,4,8619,8,118,clean
3,7,2085,19,35,clean
6,7,8286,3,84,clean
5,8,7998,7,164,clean
4,1,9287,19,186,clean
1,9,592,11,174,clean
6,4,8597,9,25,clean
6,7,7331,17,15,clean
4,2,6665,14,53,clean
4,9,8973,17,115,clean
1,7,8501,7,39,clean
3,10,7250,13,143,suspect
2,8,5210,18,106,clean
4,9,1133,11,151,suspect
1,7,8312,12,22,clean
1,6,6453,1,18,clean
5,1,6518,13,38,clean
2,2,2190,5,98,clean
5,8,4253,18,111,clean
5,2,1018,16,38,clean
5,5,5669,15,176,clean
5,9,1113,10,135,clean
6,3,4041,11,104,clean
2,4,3764,10,92,suspect
5,6,7112,5,158,clean
1,9,708,14,2,clean
5,2,4446,14,6,clean
2,4,8235,8,110,clean
2,8,4283,17,190,clean
6,8,7659,3,105,clean
6,7,8429,1,34,clean
4,3,2404,15,50,clean
5,5,5243,11,199,clean
5,9,1272,3,120,clean
2,6,3394,17,89,clean
1,5,1478,18,116,clean
5,3,9662,15,27,clean
6,5,4094,12,57,clean
6,7,6883,5,81,clean
2,1,3662,19,39,clean
4,2,5693,13,133,clean
1,4,8980,3,167,clean
3,7,9773,11,153,clean
3,9,2249,7,171,suspect
2,2,6238,2,198,clean
5,2,302,9,152,clean
1,10,7271,1,35,clean
6,10,3349,2,175,clean
3,9,8418,10,61,clean
5,6,9157,3,117,clean
4,8,1695,5,105,suspect
6,6,3151,13,99,clean
5,9,9992,1,139,clean
5,9,6455,5,199,clean
1,3,4362,16,15,clean
5,10,225,15,122,clean
6,4,9838,16,85,clean
4,3,2551,18,43,clean
5,8,7174,9,190,clean
2,3,4247,13,190,clean
3,3,1444,20,162,clean
4,6,1824,2,163,clean
5,3,7792,3,199,clean
4,5,7220,1,191,clean
5,2,2502,12,129,clean
1,3,5854,14,77,clean
6,2,3075,14,170,clean
2,1,7279,10,68,clean
1,2,1324,11,5,clean
2,5,6369,18,139,clean
1,10,7343,14,190,clean
4,3,8217,17,86,clean
3,1,2092,9,63,clean
3,10,3689,14,128,suspect
2,5,5104,4,91,suspect
6,8,4900,20,182,clean
5,3,3372,20,125,clean
6,1,336,14,74,clean
5,2,1876,16,42,clean
6,4,4971,14,69,clean
2,6,2782,16,60,clean
4,8,4245,12,30,suspect
2,10,5884,2,116,clean
6,2,305,20,191,clean
1,10,2977,9,55,clean
5,10,5987,8,60,clean
4,7,4290,13,89,suspect
2,1,9276,1,120,clean
5,10,1539,20,106,clean
5,8,4186,20,188,clean
4,8,3845,4,81,suspect
3,7,5665,5,117,suspect
3,6,963,6,169,clean
6,8,3153,4,84,clean
6,9,3689,20,12,clean
5,1,3293,18,157,clean
1,5,3273,18,39,clean
4,2,7299,2,34,clean
2,7,4590,6,130,suspect
2,8,5626,5,147,suspect
3,4,1892,9,178,suspect
4,9,8961,20,194,clean
4,6,4376,18,135,clean
4,2,787,14,99,clean
2,3,4783,5,147,clean
6,2,8104,13,8,clean
3,5,1725,11,194,suspect
4,2,6132,19,11,clean
2,10,609,13,23,clean
2,9,9264,13,83,clean
2,2,3288,19,88,clean
2,3,402,4,128,clean
5,2,3667,13,172,clean
1,10,1866,11,41,clean
2,7,2958,20,164,clean
6,4,5592,4,105,clean
2,4,2417,17,164,clean
3,2,542,15,64,clean
5,7,7605,5,31,clean
1,7,7920,4,2,clean
4,9,675,3,118,clean
1,1,4779,5,180,clean
6,1,2672,3,3,clean
4,2,3270,5,82,clean
6,4,5460,16,38,clean
3,9,1925,11,57,suspect
5,10,5546,11,48,clean
6,6,3028,12,24,clean
1,1,1620,12,39,clean
3,7,3154,6,93,suspect
2,4,7307,8,56,suspect
3,4,1823,3,149,suspect
2,7,9558,16,133,clean
1,5,7760,17,98,clean
4,2,2332,16,27,clean
4,1,661,14,39,clean
5,8,2343,4,27,clean
6,1,360,10,25,clean
2,2,7711,15,92,clean
3,10,3362,9,48,suspect
6,10,6949,1,85,clean
1,1,7320,12,93,clean
6,2,7138,2,25,clean
4,9,3418,1,9,clean
4,4,5003,20,52,clean
1,8,9037,12,152,clean
4,2,3477,10,78,clean
5,1,8623,8,104,clean
5,5,619,6,155,clean
5,6,6613,11,102,clean
2,2,4935,8,198,clean
2,8,6629,4,2,clean
2,5,5887,19,11,clean
3,1,7263,6,148,clean
4,7,1255,20,82,clean
5,6,5690,5,177,clean
6,5,5427,10,33,clean
1,1,2929,9,90,clean
2,8,4599,10,143,suspect
6,2,2044,8,78,clean
5,6,7777,8,100,clean
1,2,5521,12,122,clean
4,2,1098,17,188,clean
4,4,4259,8,77,suspect
3,4,9213,7,131,clean
5,5,5942,11,44,clean
5,2,8195,19,192,clean
2,7,7000,8,23,suspect
3,2,8232,14,167,clean
5,1,2404,1,182,clean
4,3,6146,5,53,clean
3,6,6081,16,113,clean
4,9,2256,3,13,suspect
3,8,4950,11,68,suspect
5,9,4527,6,179,clean
2,1,5484,5,137,clean
3,9,7123,3,28,suspect
3,5,9177,15,53,clean
2,9,333,20,85,clean
2,1,2741,15,107,clean
3,9,6065,2,172,clean
4,3,7597,4,101,clean
4,10,8496,12,79,clean
6,6,1495,13,104,clean
6,5,3653,16,101,clean
4,8,5074,17,97,clean
3,10,9626,18,53,clean
1,2,9224,4,152,clean
3,6,8284,15,3,clean
5,5,5791,19,45,clean
6,10,5539,8,174,clean
5,6,9902,2,99,clean
4,6,3036,12,125,suspect
6,9,5826,9,40,clean
5,1,8956,12,151,clean
4,3,5548,6,85,clean
5,3,2865,1,99,clean
3,4,5501,20,142,clean
2,8,8997,14,159,clean
4,6,1546,14,168,suspect
2,5,8630,17,75,clean
1,9,6901,2,141,clean
1,1,2150,19,129,clean
6,4,5073,3,116,clean
1,4,6834,4,133,clean
6,3,4290,7,87,clean
2,8,277,18,198,clean
5,9,6152,14,101,clean
6,6,7157,1,197,clean
1,8,2983,9,150,clean
4,3,7560,12,27,clean
3,3,7172,20,85,clean
5,2,3144,8,80,clean
5,9,9296,12,100,clean
3,1,3650,19,90,clean
5,5,1240,7,70,clean
3,2,3682,16,7,clean
6,3,2859,18,22,clean
1,4,1281,9,170,clean
4,1,2589,19,44,clean
5,2,9273,7,170,clean
3,9,9870,2,54,clean
4,3,7056,14,107,clean
2,7,1841,3,66,suspect
6,5,1593,7,112,clean
4,8,8803,20,118,clean
1,9,7021,11,68,clean
5,2,2682,17,36,clean
5,6,259,5,40,clean
6,3,6372,6,200,clean
2,7,6534,10,154,suspect
3,1,5205,3,143,clean
1,9,3967,16,72,clean
2,7,1065,1,181,clean
2,4,6741,3,67,suspect
4,7,501,11,104,clean
6,9,207,5,15,clean
1,8,7507,7,133,clean
6,7,2403,17,167,clean
4,8,3102,3,168,suspect
2,7,3268,11,100,suspect
1,4,9234,16,158,clean
6,7,7568,16,96,clean
6,9,5061,5,76,clean
3,10,9904,8,83,clean
4,7,6095,14,155,suspect
1,9,9401,4,51,clean
5,6,1181,18,15,clean
2,8,9836,6,73,clean
3,2,6196,10,182,clean
6,7,9104,11,121,clean
3,9,9279,15,109,clean
6,8,4806,13,79,clean
4,8,9395,10,119,clean
6,7,3832,19,189,clean
3,3,297,16,92,clean
4,5,6887,12,167,suspect
1,8,6069,13,70,clean
2,2,442,19,78,clean
5,8,2923,11,53,clean
6,9,7966,10,172,clean
1,6,9467,17,10,clean
3,6,5516,17,157,clean
5,8,204,6,20,clean
4,9,2848,12,113,suspect
1,3,4718,17,39,clean
3,3,1054,19,78,clean
4,9,3894,1,5,clean
4,9,6585,20,10,clean
2,4,5128,16,40,clean
6,10,7775,20,108,clean
4,2,3847,12,95,clean
1,7,1858,5,104,clean
1,5,475,13,75,clean
3,5,4100,3,29,suspect
6,6,9316,9,117,clean
3,3,8152,8,189,clean
6,6,6497,10,50,clean
2,6,994,14,127,clean
2,3,8823,14,168,clean
1,1,545,10,67,clean
6,7,2891,7,70,clean
2,9,8726,12,75,clean
2,5,4796,10,88,suspect
1,4,9883,1,51,clean
2,8,4447,19,61,clean
3,10,5025,7,174,suspect
1,3,8359,7,21,clean
1,6,9963,8,107,clean
2,5,311,1,145,clean
3,3,9275,3,16,clean
4,8,7932,17,94,clean
1,8,1163,5,183,clean
1,5,3008,20,52,clean
3,3,5032,18,145,clean
4,6,2391,16,177,clean
3,2,884,10,35,clean
5,6,7496,2,137,clean
3,8,7549,8,174,suspect
3,4,4197,15,44,clean
6,9,6425,10,63,clean
6,2,1012,11,61,clean
1,6,2717,6,181,clean
6,4,7013,11,72,clean
3,10,9674,18,181,clean
3,2,9882,19,21,clean
4,2,6557,18,87,clean
2,5,6098,5,12,suspect
4,6,8329,16,71,clean
5,6,8422,12,3,clean
2,5,1302,20,58,clean
6,7,2478,7,167,clean
4,9,7016,19,191,clean
1,6,3668,1,33,clean
5,3,8269,20,162,clean
1,2,3998,2,50,clean
5,10,6435,3,27,clean
1,5,8169,10,4,clean
1,9,2426,20,178,clean
3,3,7455,17,77,clean
2,3,5033,12,66,clean
6,9,3159,18,7,clean
4,9,7356,9,192,suspect
5,2,8374,1,200,clean
6,3,9110,14,129,clean
4,5,5761,13,95,suspect
4,5,8076,20,88,clean
2,7,3343,4,77,suspect
1,3,5549,13,87,clean
4,5,2304,4,32,suspect
3,1,6379,10,149,clean
5,7,1017,6,14,clean
2,6,3111,14,192,suspect
5,5,3242,7,54,clean
3,6,1153,11,135,suspect
5,5,696,1,46,clean
4,1,1382,16,88,clean
6,4,6464,3,183,clean
5,7,6335,20,163,clean
1,8,8090,1,92,clean
1,5,9750,10,13,clean
5,8,6376,10,95,clean
2,9,2861,7,7,clean
2,8,8061,14,182,clean
6,6,927,6,63,clean
2,8,2222,14,10,clean
3,3,7383,9,77,clean
1,8,5851,7,90,clean
5,3,7031,3,169,clean
1,8,3148,4,137,clean
4,1,3839,2,136,clean
1,3,9242,6,88,clean
1,7,7819,8,159,clean
2,9,1961,19,90,clean
3,1,1423,9,7,clean
5,10,5567,3,80,clean
5,8,288,20,98,clean
5,10,6383,15,94,clean
1,10,7965,20,129,clean
2,6,2031,16,155,clean
3,6,6975,19,181,clean
3,10,2558,13,163,suspect
6,7,7845,16,168,clean
5,3,1600,4,46,clean
2,4,4961,14,62,suspect
6,3,2623,5,197,clean
3,3,5769,10,184,clean
2,7,4607,13,83,suspect
4,1,3506,10,0,clean
3,6,5232,10,192,suspect
4,4,9478,6,91,clean
6,10,1420,5,4,clean
6,1,7762,5,95,clean
3,3,6983,2,200,clean
6,10,336,20,163,clean
3,2,8097,10,61,clean
4,9,3981,5,4,clean
3,7,7102,6,169,suspect
5,8,8543,6,164,clean
1,2,1810,4,26,clean
1,5,7834,3,89,clean
6,7,5076,5,129,clean
3,3,6404,3,177,clean
6,9,2475,5,25,clean
2,8,875,16,104,clean
4,7,3623,15,5,clean
1,6,5112,15,175,clean
4,4,7436,12,97,suspect
5,5,5338,12,186,clean
4,5,4363,6,193,suspect
2,6,9653,12,76,clean
1,6,2482,2,87,clean
5,8,4148,20,140,clean
4,2,8972,19,73,clean
3,2,5218,18,56,clean
6,2,2462,13,143,clean
6,6,5182,4,163,clean
2,8,2661,8,188,suspect
3,8,2140,1,147,clean
4,10,4170,15,134,clean
4,9,5710,1,159,clean
3,2,6845,15,134,clean
3,2,7469,17,137,clean
4,7,3127,4,84,suspect
5,4,8016,14,24,clean
2,10,151,18,24,clean
1,1,2879,13,42,clean
2,8,4752,20,23,clean
5,10,5595,5,162,clean
4,6,412,16,22,clean
4,9,9273,12,115,clean
3,2,4126,11,171,clean
6,6,8892,10,41,clean
2,2,5269,8,109,clean
3,2,1409,20,92,clean
1,1,1089,11,117,clean
2,8,2807,1,35,clean
6,8,8410,12,198,clean
2,7,5435,6,151,suspect
3,9,2570,15,150,clean
6,2,2280,19,100,clean
3,10,3833,2,7,clean
2,1,5919,6,26,clean
4,1,3456,11,5,clean
2,4,3104,12,76,suspect
6,1,4662,20,182,clean
3,4,5645,20,31,clean
3,10,2125,2,78,clean
6,2,5992,10,166,clean
2,7,3743,4,104,suspect
3,5,6311,1,79,clean
1,4,3515,12,161,clean
4,5,5597,13,38,suspect
3,9,1325,15,81,clean
5,1,3947,5,144,clean
3,6,1490,13,55,suspect
2,4,8756,20,97,clean
2,5,256,17,52,clean
1,10,5595,3,134,clean
4,2,4497,15,147,clean
5,7,4801,7,109,clean
2,1,1935,15,138,clean
1,10,506,20,28,clean
4,5,5883,18,30,clean
3,8,7394,17,92,clean
3,1,9916,16,26,clean
5,2,6802,9,152,clean
3,7,4981,5,63,suspect
6,4,8185,12,81,clean
3,8,3951,20,40,clean
2,1,1011,19,37,clean
6,4,7878,17,152,clean
2,10,3583,18,122,clean
3,6,2765,1,33,clean
6,5,3794,20,5,clean
3,4,2600,11,2,clean
2,7,2307,2,108,clean
2,6,1624,6,175,suspect
2,4,6643,10,48,suspect
5,5,4882,9,13,clean
6,8,6557,14,186,clean
5,2,9417,3,32,clean
4,3,4864,12,190,clean
4,2,2297,1,62,clean
5,2,6235,13,106,clean
5,1,8423,4,172,clean
2,7,8061,19,168,clean
1,5,3777,19,150,clean
6,7,5148,13,111,clean
4,3,2567,12,140,clean
6,4,7001,5,185,clean
1,2,3360,12,95,clean
2,6,861,10,15,clean
6,5,3320,6,99,clean
1,8,1298,7,158,clean
5,7,5240,19,66,clean
2,6,1979,20,90,clean
1,8,1422,15,150,clean
4,1,6646,7,174,clean
3,8,5577,13,9,clean
4,2,277,15,5,clean
5,7,8804,11,84,clean
3,2,791,18,110,clean
1,3,390,11,181,clean
5,5,9776,4,10,clean
1,9,3843,2,109,clean
5,9,1790,8,158,clean
5,8,1186,8,75,clean
1,1,9904,20,38,clean
5,9,3319,5,81,clean
6,9,5581,4,129,clean
6,8,8371,9,181,clean
3,9,5000,8,90,suspect
2,10,3194,1,120,clean
4,7,8342,8,43,clean
5,7,2454,5,93,clean
3,7,7317,19,1,clean
4,3,233,20,137,clean
6,9,6993,16,192,clean
4,3,6271,4,45,clean
2,10,7965,13,38,suspect
3,5,5379,14,179,suspect
2,2,5296,20,187,clean
6,8,8703,10,179,clean
2,7,7780,15,19,clean
5,4,2141,10,187,clean
4,3,2997,17,90,clean
4,6,8511,1,68,clean
3,4,1420,8,120,suspect
1,6,885,20,194,clean
3,4,9228,17,123,clean
4,8,7018,5,16,suspect
4,7,9000,6,39,clean
4,9,7504,13,32,suspect
4,1,1142,1,173,clean
6,7,3005,4,24,clean
5,4,4335,19,69,clean
5,7,2149,6,78,clean
1,2,7,8,6,clean
5,4,9639,13,147,clean
3,4,229,12,17,clean
2,8,5228,12,69,suspect
2,10,1598,12,85,suspect
3,5,7262,18,2,clean
5,6,597,15,190,clean
2,8,7687,15,97,clean
5,9,2991,1,98,clean
1,1,2338,15,179,clean
4,4,9580,10,64,clean
6,8,1301,20,120,clean
5,4,8135,18,138,clean
4,7,5421,18,170,clean
6,9,7864,7,189,clean
1,9,6487,4,117,clean
2,2,8499,20,84,clean
4,9,7447,4,51,suspect
5,2,4631,17,198,clean
6,1,9608,6,12,clean
1,10,1377,19,28,clean
1,5,7088,10,35,clean
2,10,2725,8,169,suspect
3,9,3208,14,14,suspect
6,5,5031,2,72,clean
4,7,6910,12,143,suspect
2,5,2643,13,189,suspect
2,3,389,13,55,clean
1,9,3516,20,184,clean
6,10,8863,3,104,clean
6,4,4328,17,169,clean
6,10,2035,5,161,clean
2,5,8380,7,35,clean
6,7,8981,18,1,clean
2,9,2895,9,58,suspect
2,10,5432,6,193,suspect
5,7,1303,8,134,clean
2,5,8352,14,116,clean
5,7,525,10,16,clean
2,7,8191,4,147,clean
6,4,8319,12,116,clean
2,1,5972,4,146,clean
4,5,3931,9,126,suspect
2,8,4979,16,175,clean
6,10,5762,14,185,clean
5,1,5886,9,43,clean
6,10,9868,3,63,clean
5,7,7994,9,32,clean
6,7,4361,12,39,clean
5,2,125,2,139,clean
5,3,5889,4,78,clean
6,7,9794,6,196,clean
6,7,6583,7,138,clean
1,10,2136,5,72,clean
2,1,7730,9,44,clean
4,9,2354,9,124,suspect
4,6,1663,11,124,suspect
2,7,246,20,64,clean
1,5,8222,9,36,clean
6,2,7532,1,145,clean
3,8,3974,14,154,suspect
1,5,6084,9,5,clean
2,3,2984,18,92,clean
1,7,9781,6,173,clean
1,7,1967,2,154,clean
6,4,6617,9,38,clean
5,10,9354,12,179,clean
2,4,3759,18,18,clean
6,8,5623,16,70,clean
4,10,3439,19,191,clean
6,6,471,6,53,clean
5,1,9740,2,42,clean
6,1,2831,13,130,clean
6,4,4464,2,154,clean
2,9,4029,19,70,clean
3,7,3531,15,91,clean
5,4,9787,12,146,clean
5,3,2936,7,130,clean
3,9,8902,2,46,clean
3,10,789,17,81,clean
4,10,7615,15,160,clean
4,3,7568,8,118,clean
1,8,6606,14,43,clean
3,6,6315,9,27,suspect
1,5,6265,8,164,clean
2,2,7733,14,185,clean
1,1,4851,3,49,clean
3,3,3362,18,191,clean
3,6,159,1,2,clean
1,6,290,1,154,clean
1,2,2258,11,161,clean
6,7,6938,11,4,clean
2,6,2631,14,93,suspect
2,10,5368,3,81,suspect
6,3,9668,2,14,clean
3,6,7127,17,119,clean
5,5,2046,4,101,clean
1,7,568,7,156,clean
4,1,6762,11,31,clean
6,7,8673,17,55,clean
4,10,5281,17,190,clean
1,10,7322,8,51,clean
1,2,6039,9,74,clean
6,1,6191,8,34,clean
4,8,1361,4,179,suspect
6,9,9875,10,87,clean
6,8,8415,18,14,clean
4,4,3102,19,77,clean
3,3,3229,14,45,clean
2,8,6366,10,25,suspect
6,6,9523,12,64,clean
2,7,5144,4,156,suspect
6,5,8430,10,143,clean
1,3,341,16,24,clean
3,7,5801,18,154,clean
6,5,1188,5,121,clean
6,7,99,12,109,clean
3,4,2866,19,98,clean
6,4,918,6,197,clean
6,6,7601,18,50,clean
6,9,1340,10,124,clean
2,3,2512,3,6,clean
2,8,3678,17,22,clean
5,10,1109,9,144,clean
5,7,8532,5,167,clean
2,6,898,9,88,clean
5,10,3518,8,197,clean
4,1,47,10,163,clean
1,5,3752,4,6,clean
3,6,8097,20,175,clean
1,4,850,1,97,clean
5,3,8167,15,20,clean
6,1,2259,1,192,clean
1,5,6069,20,72,clean
5,8,2909,11,85,clean
1,4,1668,6,37,clean
1,5,8520,4,20,clean
5,10,4029,10,123,clean
3,9,3594,8,4,clean
6,6,5456,14,147,clean
1,7,3169,7,54,clean
2,10,5867,11,183,suspect
2,8,345,15,173,clean
1,4,6734,3,59,clean
2,6,4363,15,108,clean
2,4,6138,6,116,suspect
2,9,4748,16,119,clean
3,6,62,20,175,clean
4,7,5987,3,134,suspect
2,7,285,19,110,clean
4,5,1266,14,140,suspect
1,7,8743,15,79,clean
2,8,2620,10,200,suspect
6,5,1572,3,10,clean
1,8,4833,18,65,clean
6,8,6440,13,136,clean
1,2,4602,11,107,clean
1,1,8090,18,8,clean
6,9,4309,6,158,clean
2,3,528,6,134,clean
4,4,8166,3,46,clean
1,5,5708,18,187,clean
2,7,5873,4,63,suspect
3,7,9603,10,174,clean
6,1,4007,5,39,clean
6,10,7310,11,159,clean
6,10,6932,6,92,clean
3,5,5493,12,69,suspect
4,2,6642,9,35,clean
2,6,5877,19,155,clean
3,5,2328,19,54,clean
4,5,1016,15,71,clean
1,5,5451,5,94,clean
1,8,6856,20,68,clean
6,8,5561,10,0,clean
4,2,5515,15,114,clean
5,1,7888,6,88,clean
6,7,4974,7,36,clean
3,9,9438,20,138,clean
4,8,6971,14,31,suspect
5,5,303,1,186,clean
3,2,710,4,156,clean
1,3,8141,9,2,clean
5,10,4391,17,70,clean
4,6,459,2,36,clean
5,2,5752,12,110,clean
6,6,5988,6,4,clean
1,1,505,17,120,clean
4,1,9177,11,46,clean
1,1,9287,3,98,clean
1,3,5943,6,97,clean
3,5,1569,13,129,suspect
6,2,2337,10,121,clean
5,7,5598,3,167,clean
1,7,2532,10,151,clean
3,3,8256,9,52,clean
6,8,7294,1,141,clean
3,3,1019,17,174,clean
5,2,9163,4,176,clean
1,7,7999,3,36,clean
6,9,6304,10,1,clean
2,5,3398,13,40,suspect
6,10,8709,8,137,clean
3,10,3955,17,35,clean
4,5,9904,1,179,clean
4,7,632,19,73,clean
2,8,2083,16,132,clean
2,9,1860,4,144,suspect
2,3,6706,9,127,clean
1,5,5069,12,44,clean
5,10,3496,1,72,clean
2,1,127,8,200,clean
3,5,4089,20,70,clean
3,9,9833,10,98,clean
2,7,6333,16,87,clean
2,3,2493,11,157,clean
2,2,302,3,159,clean
2,10,1829,11,79,suspect
2,9,4745,8,94,suspect
6,9,565,3,146,clean
2,9,5648,1,8,clean
2,3,8682,13,109,clean
5,8,62,20,110,clean
2,10,8699,18,174,clean
4,4,3916,11,52,suspect
2,3,7621,7,194,clean
5,4,508,6,20,clean
6,3,480,14,103,clean
2,3,1955,13,188,clean
3,5,1967,4,80,suspect
2,2,7208,1,131,clean
2,6,1171,11,12,suspect
2,10,374,6,27,clean
1,8,5364,1,133,clean
3,6,1067,12,18,suspect
6,3,6165,2,163,clean
6,7,7836,9,155,clean
1,6,6882,10,84,clean
1,9,1680,15,8,clean
1,2,9143,20,126,clean
6,1,5762,20,122,clean
5,3,1633,15,142,clean
6,1,7148,6,185,clean
3,2,3879,17,41,clean
2,6,9174,14,43,clean
3,7,4934,10,137,suspect
2,5,9119,7,22,clean
3,1,319,18,146,clean
1,9,3834,13,55,clean
5,2,7760,13,51,clean
2,2,9863,11,62,clean
4,1,1108,1,100,clean
1,7,1349,1,104,clean
5,6,7104,14,97,clean
3,5,3955,3,99,suspect
3,10,9136,9,36,clean
6,2,4536,3,118,clean
4,1,8422,5,27,clean
6,7,9248,7,191,clean
3,1,9437,3,102,clean
6,1,6914,7,59,clean
5,4,2342,8,185,clean
6,8,9022,1,44,clean
4,6,3141,3,94,suspect
5,3,535,15,1,clean
4,9,9837,10,137,clean
2,6,4578,11,129,suspect
4,5,1044,14,113,suspect
3,1,3854,13,47,clean
5,7,2665,13,89,clean
2,3,180,3,135,clean
6,8,5443,15,180,clean
5,1,7482,3,95,clean
5,2,6970,18,166,clean
5,9,9786,1,116,clean
5,8,4161,18,159,clean
6,1,5909,3,83,clean
5,1,9325,18,23,clean
3,4,6151,12,163,suspect
1,2,6574,7,56,clean
1,2,6522,17,0,clean
1,5,7812,9,56,clean
6,6,3632,13,4,clean
4,5,6515,12,108,suspect
4,1,8101,14,21,clean
1,10,8141,19,69,clean
1,4,6173,5,166,clean
1,6,5039,19,185,clean
6,9,4770,6,126,clean
5,5,5919,11,179,clean
5,6,3958,2,191,clean
5,7,4910,13,130,clean
6,7,7543,12,151,clean
6,8,4839,7,25,clean
1,9,2902,9,132,clean
5,5,6402,9,149,clean
1,6,8219,7,154,clean
1,6,5180,14,119,clean
2,6,2893,17,14,clean
6,5,6664,3,13,clean
6,3,8980,2,164,clean
6,9,9049,12,125,clean
1,10,9999,1,52,clean
2,10,7869,5,120,suspect
4,7,4939,12,173,suspect
3,2,7744,7,143,clean
1,3,2151,4,147,clean
3,9,5737,4,113,suspect
5,3,5521,7,16,clean
2,5,1950,3,96,suspect
5,7,8452,4,180,clean
5,1,5513,18,143,clean
4,8,6562,9,125,suspect
1,2,9045,1,187,clean
4,8,94,13,150,clean
3,2,9925,3,23,clean
1,7,5583,18,150,clean
4,7,3046,6,173,suspect
5,3,602,3,190,clean
1,7,8698,13,140,clean
2,8,7254,2,172,clean
2,1,1362,8,3,clean
2,5,199,7,62,clean
1,4,9502,5,70,clean
5,10,4067,12,33,clean
1,5,4497,11,30,clean
4,3,4379,18,135,clean
5,6,547,8,90,clean
3,4,7252,6,113,suspect
4,7,7694,8,108,suspect
1,9,7281,13,22,clean
4,4,8535,7,128,clean
5,8,2481,12,118,clean
4,9,7716,11,155,suspect
1,4,2970,10,80,clean
3,1,6968,11,76,clean
1,6,5072,18,42,clean
3,5,9836,17,112,clean
3,10,8619,17,60,clean
1,8,7826,3,17,clean
6,9,8032,18,137,clean
6,1,438,18,171,clean
6,3,5635,20,98,clean
4,9,6960,20,46,clean
1,3,8374,17,83,clean
3,3,3485,12,109,clean
5,2,7567,16,189,clean
5,9,3849,9,152,clean
6,7,1380,19,161,clean
2,4,9311,16,65,clean
1,7,8958,9,154,clean
2,3,8897,10,133,clean
5,5,4027,4,70,clean
2,10,2836,7,40,suspect
5,8,2575,16,200,clean
6,10,8468,11,175,clean
5,1,7421,16,91,clean
5,8,9133,5,19,clean
2,10,9386,5,64,clean
1,9,8646,12,48,clean
2,10,2777,18,146,clean
6,10,3811,7,109,clean
3,2,8402,7,128,clean
6,1,7921,4,34,clean
3,6,4242,8,84,suspect
2,9,5367,15,37,clean
3,3,2648,14,107,clean
3,4,1465,11,132,suspect
2,8,8999,18,34,clean
2,2,3099,8,88,clean
5,9,4328,17,31,clean
2,2,8652,10,151,clean
1,1,3216,11,64,clean
2,3,2212,3,126,clean
4,4,6284,17,196,clean
3,7,4618,3,112,suspect
6,4,1898,7,64,clean
1,10,7312,10,63,clean
5,10,428,7,122,clean
6,1,6528,9,24,clean
6,8,5302,4,122,clean
2,5,8067,3,92,clean
6,9,3602,20,130,clean
5,3,7052,5,10,clean
1,5,7556,14,33,clean
3,10,8531,15,130,clean
5,1,6511,13,40,clean
3,8,8871,10,109,clean
3,10,7034,5,47,suspect
6,8,8151,12,22,clean
6,9,5514,6,176,clean
4,9,6621,7,112,suspect
1,10,4598,17,29,clean
3,10,9734,14,68,clean
5,2,965,5,200,clean
4,4,9391,3,197,clean
6,8,6040,20,38,clean
5,3,2805,11,130,clean
4,3,4279,4,138,clean
6,7,715,8,151,clean
2,8,580,3,173,clean
1,1,913,11,179,clean
5,10,8228,20,91,clean
5,3,4875,7,7,clean
2,5,2688,13,75,suspect
5,10,2812,4,33,clean
6,7,7386,1,147,clean
1,1,959,16,58,clean
1,6,4819,1,67,clean
4,2,6550,17,196,clean
4,1,3618,9,90,clean
4,10,7029,6,64,suspect
3,4,6935,10,98,suspect
1,2,9607,15,146,clean
1,10,8827,14,159,clean
3,3,394,17,194,clean
1,10,2945,13,48,clean
6,8,7365,7,124,clean
6,9,2647,1,134,clean
1,4,5323,4,41,clean
5,10,488,14,60,clean
3,1,2276,11,13,clean
4,8,7602,1,194,clean
4,2,9474,8,159,clean
3,3,417,12,57,clean
3,2,4307,13,159,clean
3,1,6462,3,166,clean
4,10,6474,17,79,clean
4,10,6739,19,43,clean
5,7,6804,10,173,clean
4,6,8651,13,161,clean
6,1,1699,20,52,clean
4,9,3252,4,46,suspect
3,6,5331,20,9,clean
1,7,2703,16,31,clean
6,9,2364,11,143,clean
1,9,9527,12,132,clean
6,3,7787,19,149,clean
3,2,1770,1,150,clean
2,3,5278,7,46,clean
6,5,2875,10,33,clean
1,3,471,12,106,clean
1,8,4062,20,116,clean
1,1,182,8,178,clean
1,2,4759,8,31,clean
6,8,108,10,28,clean
6,2,6835,2,147,clean
3,7,3341,1,196,clean
4,2,4151,16,36,clean
5,6,7544,5,71,clean
4,6,3219,19,6,clean
3,10,1044,16,195,clean
2,2,1706,15,137,clean
3,3,5979,2,24,clean
5,2,561,19,35,clean
3,8,3063,9,19,suspect
2,6,5053,15,30,clean
1,1,8301,4,132,clean
3,5,9894,18,13,clean
2,4,3730,2,144,clean
5,7,9841,1,97,clean
5,10,999,15,38,clean
2,4,8693,18,26,clean
4,5,9384,5,72,clean
5,7,4080,13,149,clean
5,8,8646,17,65,clean
3,4,7506,10,5,clean
5,8,159,9,180,clean
1,3,4127,17,143,clean
3,6,466,14,126,clean
6,3,3046,10,13,clean
4,1,2056,18,96,clean
4,4,5149,7,54,suspect
6,3,8565,18,29,clean
4,9,1337,16,42,clean
6,7,9470,10,80,clean
6,6,8716,12,86,clean
2,10,6385,10,10,clean
1,4,9928,13,87,clean
2,3,9799,16,75,clean
4,6,6597,7,75,suspect
5,3,3340,20,91,clean
3,1,808,10,200,clean
5,10,6254,15,56,clean
5,5,1598,13,164,clean
1,10,7617,10,132,clean
4,3,1420,8,148,clean
6,5,928,17,140,clean
2,4,1313,7,47,suspect
6,5,8301,20,118,clean
3,4,7988,8,120,suspect
4,6,9907,12,103,clean
3,9,7805,8,91,suspect
2,6,1787,5,177,suspect
5,1,104,15,91,clean
3,6,83,16,178,clean
2,6,9072,17,65,clean
5,2,2422,1,123,clean
5,1,8605,19,125,clean
3,6,1039,14,25,suspect
3,5,6028,14,47,suspect
3,8,7303,2,10,clean
3,8,487,20,110,clean
2,1,9244,18,180,clean
1,10,867,15,38,clean
5,5,7308,11,108,clean
6,5,2596,13,183,clean
1,1,7150,12,106,clean
2,10,8980,17,144,clean
2,7,6479,2,150,clean
3,6,9407,2,61,clean
1,9,5137,5,133,clean
2,6,9293,8,146,clean
1,5,4499,19,99,clean
2,3,4406,4,22,clean
1,5,5870,1,38,clean
4,2,5043,6,47,clean
6,9,4681,9,23,clean
2,7,6198,12,11,suspect
1,9,5229,14,102,clean
2,10,8342,20,1,clean
3,7,743,12,19,clean
2,4,4734,16,161,clean
5,6,7282,8,10,clean
3,4,4868,14,55,suspect
4,4,3531,1,170,clean
6,3,3976,12,100,clean
5,5,7944,17,154,clean
5,8,3112,4,131,clean
4,8,6854,18,181,clean
6,2,9383,17,198,clean
6,8,4518,8,109,clean
4,7,5481,10,173,suspect
3,3,4022,9,53,clean
6,2,6960,12,178,clean
5,6,9672,16,81,clean
4,1,7228,11,91,clean
5,1,4607,3,60,clean
3,2,7493,1,81,clean
4,7,1435,7,114,suspect
1,5,6555,17,97,clean
4,1,3006,15,9,clean
1,8,7485,19,154,clean
6,6,3773,17,166,clean
3,3,7324,5,169,clean
1,2,9062,19,193,clean
2,1,4753,4,35,clean
2,6,4224,10,16,suspect
1,2,1062,4,102,clean
3,1,4779,7,189,clean
3,7,3005,8,18,suspect
4,1,4536,16,5,clean
2,6,3436,11,142,suspect
5,8,1348,1,136,clean
2,7,3433,3,76,suspect
6,9,224,13,155,clean
4,1,1900,7,93,clean
5,9,8314,9,52,clean
3,5,2508,4,196,suspect
1,3,8432,20,108,clean
4,8,6676,8,122,suspect
2,3,1957,5,49,clean
4,2,5258,20,162,clean
2,6,6269,15,101,clean
3,5,8173,20,11,clean
4,4,7932,9,125,suspect
2,8,8822,9,197,clean
3,9,1192,11,27,suspect
4,9,1590,10,69,suspect
3,9,9513,3,41,clean
5,2,7835,9,80,clean
1,6,7997,15,23,clean
1,5,8702,7,58,clean
5,8,5855,5,7,clean
5,9,8628,12,121,clean
2,2,5654,10,33,clean
6,5,107,16,139,clean
1,1,6019,20,195,clean
4,9,1154,7,110,suspect
5,5,3795,5,61,clean
6,5,6679,16,54,clean
4,3,1738,19,142,clean
5,1,813,7,178,clean
5,1,8579,3,93,clean
6,10,3291,18,99,clean
4,10,4834,2,113,clean
5,1,9272,3,174,clean
4,10,313,11,178,clean
6,8,5446,17,109,clean
2,9,8509,2,195,clean
5,7,9967,8,187,clean
6,8,7650,2,37,clean
4,4,4491,16,85,clean
6,6,7469,2,43,clean
2,6,7206,18,73,clean
6,2,7196,6,160,clean
6,2,4917,2,136,clean
1,10,3009,10,2,clean
6,6,7121,3,86,clean
6,6,9251,5,23,clean
4,1,8981,14,127,clean
1,10,3552,15,18,clean
4,7,9408,2,101,clean
5,9,7280,11,78,clean
2,1,5601,15,93,clean
5,2,2622,1,25,clean
4,8,9757,13,178,clean
3,6,5716,19,67,clean
3,1,9743,18,102,clean
5,8,7151,9,45,clean
3,8,2349,8,129,suspect
2,6,1360,5,110,suspect
2,9,3534,12,32,suspect
2,3,4990,20,16,clean
4,4,190,13,52,clean
1,3,7717,6,113,clean
4,10,6425,20,137,clean
3,3,6752,14,4,clean
3,7,5690,6,139,suspect
2,4,5847,19,192,clean
2,6,5283,13,93,suspect
2,10,4584,18,126,clean
2,4,4455,6,24,suspect
6,7,7446,14,143,clean
5,10,6085,9,73,clean
4,1,3997,2,14,clean
5,8,6781,19,90,clean
3,10,7605,4,145,suspect
3,6,591,16,70,clean
3,3,8043,2,30,clean
4,4,2348,16,58,clean
4,7,1947,7,131,suspect
3,9,7344,11,141,suspect
5,1,6400,20,141,clean
5,2,6212,1,174,clean
6,9,3514,4,162,clean
3,3,5834,10,119,clean
2,2,1958,20,8,clean
3,3,5613,16,89,clean
1,1,9105,20,22,clean
2,5,4126,2,163,clean
5,1,9360,20,147,clean
4,8,8309,4,33,clean
6,4,5327,3,124,clean
1,10,6035,12,9,clean
5,6,9383,2,63,clean
1,5,5944,1,89,clean
4,8,2279,18,169,clean
3,2,7268,7,100,clean
2,9,1590,18,185,clean
5,9,8059,19,71,clean
5,6,7205,5,102,clean
6,6,8106,14,110,clean
6,8,1661,5,109,clean
2,5,2511,6,56,suspect
4,8,7726,9,109,suspect
2,2,1916,7,25,clean
6,2,7010,19,51,clean
1,4,8417,8,24,clean
5,6,1676,20,120,clean
1,9,4510,13,111,clean
3,9,9823,6,150,clean
1,5,3270,19,172,clean
2,5,8059,20,199,clean
2,6,2385,5,156,suspect
6,1,7985,7,78,clean
4,8,3770,1,24,clean
5,10,6654,20,178,clean
3,9,8227,13,141,clean
3,2,4254,13,84,clean
6,3,4573,13,131,clean
2,7,8922,16,70,clean
6,6,647,20,68,clean
4,6,118,7,143,clean
2,6,8086,9,11,clean
3,9,741,12,62,clean
2,7,1967,17,170,clean
3,8,8442,20,120,clean
6,10,9450,11,54,clean
1,7,9417,1,122,clean
4,8,9756,3,125,clean
4,2,5317,17,180,clean
5,8,9010,4,68,clean
4,10,4535,8,119,suspect
1,9,8421,10,108,clean
4,5,8745,3,143,clean
6,8,2958,6,192,clean
2,6,821,14,185,clean
5,9,6004,16,68,clean
6,5,8158,17,46,clean
4,4,7246,10,193,suspect
2,2,3040,4,117,clean
6,9,2115,13,50,clean
1,5,5916,12,31,clean
2,9,1645,6,142,suspect
5,10,6647,8,153,clean
6,4,7900,10,47,clean
5,6,4328,4,136,clean
1,3,6837,14,125,clean
4,6,1130,19,22,clean
6,2,9577,7,127,clean
2,3,8737,18,150,clean
1,2,2327,18,162,clean
4,1,6189,16,27,clean
4,5,6290,5,156,suspect
5,6,2568,16,56,clean
3,8,4084,13,34,suspect
5,8,1701,10,184,clean
3,7,7556,3,137,suspect
1,6,8621,3,42,clean
1,7,9271,6,117,clean
6,8,5228,7,0,clean
2,9,629,20,165,clean
6,5,6381,8,159,clean
4,8,216,4,25,clean
5,6,2259,19,86,clean
1,3,7521,3,180,clean
4,2,3228,6,118,clean
1,9,6207,10,29,clean
4,5,2415,19,47,clean
6,3,6780,19,99,clean
5,6,4453,16,36,clean
6,3,5021,4,113,clean
6,6,9629,13,73,clean
2,7,8542,10,158,clean
3,5,2506,4,62,suspect
6,6,6277,13,34,clean
6,2,9717,8,124,clean
2,10,4738,15,86,clean
3,10,5873,14,119,suspect
4,2,7271,9,74,clean
3,10,2261,17,110,clean
4,7,4384,7,191,suspect
6,9,8735,10,1,clean
5,1,2182,16,82,clean
6,6,9232,12,116,clean
6,4,9203,13,67,clean
4,2,5135,1,39,clean
1,7,4484,12,31,clean
4,4,7830,18,46,clean
3,3,7615,14,103,clean
3,7,9027,5,56,clean
2,7,6462,2,188,clean
4,6,2886,3,182,suspect
6,2,8448,17,176,clean
1,8,2992,4,156,clean
1,2,9061,9,53,clean
5,4,4623,1,101,clean
6,6,1231,14,178,clean
3,7,3466,19,0,clean
1,4,1540,2,27,clean
2,7,5661,18,51,clean
1,9,7254,15,147,clean
6,2,7565,13,179,clean
1,6,6612,3,86,clean
1,1,8181,19,26,clean
2,1,5727,1,53,clean
5,7,7823,15,196,clean
3,4,5795,18,191,clean
3,7,6992,19,188,clean
